Top250	212	McCormick & Schmick's	NA	157	-15.6%	35	-14.6%	NA	Seafood
Top250	95	Mellow Mushroom	NA	461	-0.3%	187	-1.1%	NA	Casual Dining & Italian/Pizza
Top250	194	Claim Jumper	NA	177	-10.2%	35	-5.4%	NA	Varied Menu
Top250	32	Cracker Barrel	Cracker Barrel made the most surprising deal of 2019 when it took a $140 million stake in growth chain Punch Bowl Social. But that investment was tested in March, when the chain said it would not rescue Punch Bowl from foreclosure amid the coronavirus crisis, choosing instead to focus on helping its flagship chain and newly acquired Maple Street Biscuit Co.	2482	1.8%	660	0.8%	NA	Family Dining & Family Style
Top250	9	Domino's	NA	7044	6.9%	6126	4.3%	NA	Quick Service & Pizza
Top250	191	Donatos Pizza	NA	179	3.8%	165	3.1%	NA	Pizza
Top250	124	Schlotzsky's	NA	335	-0.5%	373	0.5%	Atlanta, GA	Sandwich
Top250	200	Beef 'O' Brady's	The chain is working on a rejuvenation, converting about 26 of its franchised units to company-owned ones and using those as testing grounds for new initiatives. It rolled out a separate lunch menu and added some higher-quality dinner options such as steak and salmon, and is also investing in high-tech fryers and a new POS system.	171	-5.0%	153	-2.5%	NA	Sports Bar
Top250	114	Peet's Coffee	NA	357	4.3%	423	2.2%	Emeryville, CA	Coffee Cafe
Top250	133	Caribou Coffee	NA	306	6.7%	464	3.8%	Minneapolis, MN	Coffee Cafe
Top250	138	Old Chicago Pizza & Taproom	NA	275	4.5%	109	1.9%	Chattanooga, TN	Italian/Pizza
Top250	197	Giordano's	NA	173	5.5%	70	1.4%	NA	Italian/Pizza
Top250	11	Pizza Hut	The chain moved to replace underperforming dine-in restaurants with takeout- and delivery-only units in 2019, leading to a 2.4% decline in unit count. Executives said in August that unit count could drop to as low as 7,000 before returning to normal levels as units are converted.	5558	0.6%	7306	-2.4%	NA	Quick Service & Pizza
Top250	39	Golden Corral	NA	1746	0.8%	483	-1.2%	NA	Quick Service & Family Casual
Top250	73	Baskin-Robbins	NA	615	0.6%	2524	-1.0%	NA	Quick Service & Frozen Desserts
Top250	215	Chicken Salad Chick	Benefiting from being perhaps the only chain focusing on chicken salad, Chicken Salad Chick announced its 16th consecutive quarter of same-store sales growth in February 2020. It was acquired by private-equity firm Brentwood Associates in November.	153	39.5%	144	38.5%	NA	Chicken
Top250	187	Mountain Mike's Pizza	NA	181	10.9%	215	5.4%	NA	Pizza
Top250	47	Bojangles'	NA	1331	2.7%	746	-1.3%	NA	Quick Service & Chicken
Top250	107	Long John Silver's	NA	404	-8.2%	850	-2.4%	Louisville, KY	Seafood
Top250	85	Checkers Drive-In Restaurants	NA	535	-1.8%	584	-0.2%	NA	Quick Service & Burger
Top250	101	Charleys Philly Steaks	NA	435	4.9%	540	2.3%	NA	Quick Service & Sandwich
Top250	227	Ocean Prime	NA	144	20.2%	16	6.7%	NA	Seafood
Top250	33	The Cheesecake Factory	NA	2180	2.5%	206	2.5%	NA	Casual Dining & Varied Menu
Top250	19	Popeyes Louisiana Kitchen	NA	3812	18.3%	2476	5.5%	NA	Quick Service & Chicken
Top250	96	The Capital Grille	NA	461	4.7%	58	0.0%	NA	Fine Dining & Steak
Top250	109	Chuck E. Cheese's	NA	381	-0.5%	537	1.3%	Irving, TX	Pizza
Top250	135	Au Bon Pain	NA	289	-8.1%	170	-5.6%	Boston, MA	Bakery Cafe
Top250	241	54th Street Restaurant & Drafthouse	NA	131	4.5%	31	6.9%	NA	Varied Menu
Top250	10	Panera Bread	NA	5890	4.0%	2160	3.2%	NA	Fast Casual & Bakery Cafe
Top250	115	Dickey's Barbecue Pit	NA	349	-9.2%	497	-6.4%	Dallas, TX	BBQ
Top250	202	Bill Miller Bar-B-Q	NA	170	3.6%	75	1.4%	NA	BBQ
Top250	48	BJ's Restaurant & Brewhouse	BJ's Restaurants' bullish approach to off-premise has paid off, helping it to pass TGI Fridays and become the No. 10 casual-dining chain. As of July, delivery sales at the chain were growing at a 20% clip, and the chain reported that takeout and catering sales were increasing as well. BJ's also overhauled its back-of-house operations in 2019 to make things more efficient and easier on employees.	1161	4.0%	208	3.0%	NA	Casual Dining & Varied Menu
Top250	59	Bob Evans	NA	795	-4.2%	483	-1.4%	NA	Family Dining & Family Style
Top250	1	McDonald's	NA	40412	4.9%	13846	-0.5%	NA	Quick Service & Burger
Top250	190	Farmer Boys	NA	179	1.7%	93	1.1%	NA	Burger
Top250	162	Fuzzy's Taco Shop	NA	225	8.6%	152	3.4%	NA	Mexican
Top250	45	Waffle House	Waffle House	1344	3.4%	1959	1.2%	NA	Family Dining & Family Style
Top250	121	Big Boy/Frisch's Big Boy	NA	338	-3.4%	194	-3.0%	Warren, MI	Family Style
Top250	157	Fazoli's	NA	238	2.8%	215	0.0%	NA	Sandwich
Top250	75	Bonefish Grill	NA	587	-0.9%	197	0.0%	NA	Casual Dining & Seafood
Top250	108	Saltgrass Steak House	NA	402	14.9%	88	10.0%	Houston, TX	Steak
Top250	53	Qdoba Mexican Eats	NA	901	5.9%	730	-2.9%	NA	Fast Casual & Mexican
Top250	136	Bar Louie	NA	284	-5.6%	128	-3.0%	Addison, TX	Varied Menu
Top250	129	Ninety Nine Restaurants	NA	324	2.1%	108	0.9%	Woburn, MA	Varied Menu
Top250	158	Rubio's	NA	232	-0.1%	197	-3.4%	NA	Mexican
Top250	198	Islands Fine Burgers & Drinks	NA	173	0.9%	56	0.0%	NA	Varied Menu
Top250	218	Hurricane Grill & Wings	NA	151	0.8%	56	0.0%	NA	Sports Bar
Top250	239	Daylight Donuts	NA	132	2.2%	415	0.2%	NA	Snack
Top250	193	Taco Bueno	NA	178	-12.4%	145	-12.1%	NA	Mexican
Top250	90	Boston Market	NA	501	-9.9%	390	-14.1%	NA	Fast Casual & Chicken
Top250	16	Applebee's	NA	4085	-3.0%	1665	-1.7%	NA	Casual Dining & Varied Menu
Top250	84	Freddy's Frozen Custard & Steakburgers	NA	535	12.9%	368	12.2%	NA	Fast Casual & Burger
Top250	199	Mimi's Bistro & Bakery	NA	172	-4.8%	77	-2.5%	NA	Varied Menu
Top250	179	True Food Kitchen	The health-focused chain with a rotating menu is in growth mode, with plans for new units as well as its first stand-alone cocktail and juice bar, located next to a new True Food Kitchen location at Caesars Palace in Las Vegas.	190	13.8%	32	28.0%	NA	Varied Menu
Top250	105	Maggiano's Little Italy	NA	417	1.1%	53	1.9%	Dallas, TX	Italian/Pizza
Top250	51	Steak 'n Shake	As of August, the chain had temporarily closed more than 100 locations with plans to refranchise them to single-store operators. And in early 2020, it announced plans to convert about 100 units to counter service. Prior to the coronavirus crisis, it was named in a Fitch Ratings report as a chain at risk of a Chapter 11 filing.	950	-7.7%	576	-3.0%	NA	Quick Service & Burger
Top250	237	The Coffee Bean & Tea Leaf	The LA-based chain was acquired by Jollibee in July for $350 million, becoming the largest deal yet for the international fast-food company. Jollibee planned to grow the The Coffee Bean in Asia, where there's a race for coffee supremacy.	133	-2.1%	282	-0.7%	NA	Coffee Cafe
Top250	127	On The Border Mexican Grill & Cantina	NA	327	-6.1%	136	-4.9%	Irving, TX	Mexican
Top250	50	In-N-Out Burger	NA	957	4.6%	351	3.5%	NA	Quick Service & Burger
Top250	229	Pollo Campero	NA	143	1.1%	78	-2.5%	NA	Chicken
Top250	230	Houlihan's	The chain filed for bankruptcy in November and was simultaneously acquired by Landry's for $40 million. The move followed the closure of 12 unprofitable stores. It joins Landry's collection of polished-casual chains such as Morton's The Steakhouse and McCormick & Schmick's.	143	-21.2%	45	-32.8%	NA	Varied Menu
Top250	172	Uno Pizzeria & Grill	NA	196	-12.9%	85	-14.1%	NA	Italian/Pizza
Top250	236	Walk-On's Sports Bistreaux	NA	133	27.8%	33	37.5%	NA	Sports Bar
Top250	31	Red Lobster	NA	2490	1.6%	679	0.1%	NA	Casual Dining & Seafood
Top250	122	Black Bear Diner	NA	336	15.3%	138	15.0%	Redding, CA	Family Style
Top250	180	Buca di Beppo	NA	189	-5.7%	76	-1.3%	NA	Italian/Pizza
Top250	192	Shoney's	NA	179	-4.4%	126	-0.8%	NA	Family Style
Top250	225	Eddie V's Prime Seafood	NA	144	8.1%	21	10.5%	NA	Seafood
Top250	231	Old Country Buffet/HomeTown Buffet	NA	142	-18.8%	49	-24.6%	NA	Family Casual
Top250	219	The Old Spaghetti Factory	NA	150	2.2%	42	0.0%	NA	Italian/Pizza
Top250	67	Ruth's Chris Steak House	NA	703	1.6%	135	1.5%	Winter Park, FL	Steak
Top250	104	Pollo Tropical	NA	425	-2.1%	174	3.0%	Miami, FL	Chicken
Top250	167	Souplantation & Sweet Tomatoes	NA	211	-3.3%	97	0.0%	NA	Family Casual
Top250	36	Zaxby's	NA	1886	6.0%	910	1.3%	NA	Fast Casual & Chicken
Top250	166	Lazy Dog Restaurant & Bar	NA	213	21.3%	36	20.0%	NA	Varied Menu
Top250	250	Jollibee	NA	126	15.2%	40	11.1%	NA	Chicken
Top250	56	Hooters	NA	858	0.4%	341	0.0%	NA	Casual Dining & Sports Bar
Top250	165	Brio Tuscan Grille	NA	217	-4.0%	57	-1.7%	NA	Italian/Pizza
Top250	211	Wayback Burgers	NA	159	2.0%	143	0.7%	NA	Burger
Top250	220	Taziki's Mediterranean Cafe	NA	149	11.9%	93	6.9%	NA	Ethnic
Top250	160	A&W All-American Food	The chain's 100th birthday found it working to reconcile its classic heritage with modern trends. It has doubled down on social media marketing to target younger generations and introduced tablet-based staff training to slow turnover. It's exploring delivery, though "the jury's still out," CEO Kevin Bazner told RB in July.	227	1.8%	575	-6.5%	NA	Burger
Top250	185	Sweetgreen	In June, Sweetgreen made its first acquisition: meal delivery service Galley Foods. The move signaled a new and more aggressive approach to delivery for the fast-growing chain, combining Sweetgreen's supply chain with Galley's knowledge of home delivery.	184	16.8%	102	10.9%	NA	Healthy
Top250	224	Duffy's Sports Grill	NA	144	2.6%	34	0.0%	NA	Sports Bar
Top250	55	Krispy Kreme	NA	887	4.4%	364	4.0%	NA	Quick Service & Snack
Top250	69	Jason's Deli	NA	647	-1.1%	283	1.8%	NA	Fast Casual & Sandwich
Top250	29	Outback Steakhouse	NA	2635	0.9%	724	-1.2%	NA	Casual Dining & Steak
Top250	123	Twin Peaks	NA	335	2.6%	84	0.0%	Dallas, TX	Sports Bar
Top250	143	Braum's Ice Cream & Dairy Stores	NA	268	2.2%	281	0.0%	Oklahoma City, OK	Frozen Desserts
Top250	71	Shake Shack	NA	622	31.8%	173	27.2%	NA	Fast Casual & Burger
Top250	8	Dunkin'	Dunkin' dropped "Donuts" from its name and repositioned as a beverage-first concept, and it seems to have paid off, said Kevin Schimpf of Technomic. "To have a good year while Starbucks is also still continuing to grow away, I think that was impressive for Dunkin'," he said.	9228	5.0%	9630	2.2%	NA	Quick Service & Coffee Cafe
Top250	13	Sonic Drive-In	The drive-in chain grew same-store sales for the second straight year under new parent Inspire Brands, which acquired Sonic in 2018. It kicked off 2020 with a refreshed look and tag line: "This is how we Sonic."	4687	4.6%	3526	-2.1%	NA	Quick Service & Burger
Top250	54	El Pollo Loco	NA	894	3.0%	482	-0.4%	NA	Quick Service & Chicken
Top250	65	Church's Chicken	NA	716	-5.2%	1032	-5.0%	NA	Quick Service & Chicken
Top250	168	Friendly's	The family-dining chain closed many underperforming units in 2019, including 23 on one day in April, reducing its unit count by more than 20% for the year. The 86-year-old brand cited "shifting consumer demographics and market dynamics" as challenges.	210	-15.3%	160	-20.4%	NA	Family Style
Top250	149	Sizzler	NA	259	-3.8%	122	-6.9%	Mission Viejo, CA	Family Casual
Top250	144	Pei Wei Asian Diner	NA	268	-12.5%	150	-16.7%	Irving, TX	Asian/Noodle
Top250	4	Taco Bell	NA	11293	9.0%	6766	2.7%	NA	Quick Service & Mexican
Top250	249	Cook-Out Restaurant	NA	126	10.1%	270	7.1%	NA	Burger
Top250	234	BurgerFi	NA	138	3.0%	112	7.7%	NA	Burger
Top250	213	Grand Lux Cafe	NA	157	1.2%	13	0.0%	NA	Varied Menu
Top250	110	Taco John's	NA	373	0.5%	387	-1.3%	Cheyenne, WY	Mexican
Top250	139	Rally's Hamburgers	NA	275	-3.5%	290	-3.7%	Lexington, KY	Burger
Top250	216	Paris Baguette	The chain originating in South Korea is growing quickly in the U.S. under the guidance of growth-chain veterans such as Darren Tipton and Jack Moran, formerly of Le Pain Quotidien. Tipton moved up to CEO for U.S. operations in 2019, and Moran became the company's global chief.	152	14.5%	81	8.0%	NA	Bakery Cafe
Top250	61	Papa Murphy's Pizza	Though the chain saw declines in both sales and units in 2019, it remains beloved by consumers. Guests surveyed by Technomic named it their favorite limited-service pizza chain as well as a leader in tech-enabled ordering.	748	-5.9%	1329	-5.1%	NA	Quick Service & Pizza
Top250	244	L&L Hawaiian Barbecue	NA	129	5.1%	195	3.7%	NA	BBQ
Top250	91	The Habit Burger Grill	NA	500	14.5%	273	10.5%	NA	Fast Casual & Burger
Top250	68	Carrabba's Italian Grill	NA	653	-1.0%	225	-0.9%	NA	Casual Dining & Italian/Pizza
Top250	153	Godfather's Pizza	NA	250	4.9%	569	3.8%	NA	Pizza
Top250	183	Fuddruckers	NA	185	-15.8%	138	-11.5%	NA	Burger
Top250	72	California Pizza Kitchen	NA	621	-3.3%	199	-0.5%	NA	Casual Dining & Italian/Pizza
Top250	145	Cafe Rio Mexican Grill	NA	267	9.9%	126	6.8%	Salt Lake City, UT	Mexican
Top250	150	Seasons 52	NA	253	1.4%	44	4.8%	Orlando, FL	Varied Menu
Top250	42	Raising Cane's Chicken Fingers	NA	1466	23.8%	457	14.3%	NA	Fast Casual & Chicken
Top250	66	Tim Hortons	On the other side of that equation is Tim Hortons, which saw its consumer approval ratings slip by nearly 6 points in 2019, according to Technomic. A turnaround plan includes a renewed focus on the chain's core coffee and breakfast platforms along with changes to its loyalty program and a $100 million investment in drive-thru menu boards.	714	-3.5%	715	-1.7%	Toronto, ON	Quick Service & Coffee Cafe
Top250	28	Papa John's	NA	2638	-2.7%	3142	-1.8%	NA	Quick Service & Pizza
Top250	151	Bahama Breeze Island Grille	NA	252	5.3%	43	7.5%	NA	Varied Menu
Top250	88	Jamba	NA	514	0.8%	767	-1.8%	NA	Quick Service & Beverage
Top250	174	Luby's	Luby's, another of the industry's oldest concepts, also closed underperforming locations last year, shrinking its footprint by 6%. And in September, it said it had begun investigating "strategic alternatives," or a sale, merger or refinancing.	195	-7.5%	79	-6.0%	NA	Family Casual
Top250	40	Five Guys Burgers and Fries	NA	1661	7.4%	1368	0.7%	NA	Fast Casual & Burger
Top250	221	Menchie's Frozen Yogurt	NA	149	-3.1%	416	-2.1%	NA	Frozen Desserts
Top250	98	Miller's Ale House	NA	446	10.2%	98	11.4%	NA	Casual Dining & Sports Bar
Top250	189	The Melting Pot	NA	181	-6.5%	105	-7.9%	NA	Varied Menu
Top250	78	Dave & Buster's	NA	571	6.5%	132	10.9%	Dallas, TX	Sports Bar
Top250	159	Legal Sea Foods	NA	227	-1.9%	34	-2.9%	NA	Seafood
Top250	186	Golden Chick	NA	183	6.7%	184	0.5%	NA	Chicken
Top250	27	Denny's	NA	2691	1.1%	1558	-1.5%	NA	Family Dining & Family Style
Top250	203	Black Angus Steakhouse	NA	168	1.6%	42	-4.5%	NA	Steak
Top250	25	IHOP	NA	3266	2.0%	1710	0.3%	NA	Family Dining & Family Style
Top250	81	Auntie Anne's	NA	559	0.2%	1288	-0.5%	NA	Quick Service & Snack
Top250	195	Wetzel's Pretzels	NA	177	3.9%	353	5.4%	NA	Snack
Top250	214	Anthony's Coal Fired Pizza	NA	153	4.0%	68	1.5%	NA	Italian/Pizza
Top250	210	Lee's Famous Recipe Chicken	NA	161	-2.3%	129	-1.5%	NA	Chicken
Top250	134	Jack's	NA	290	9.8%	176	8.6%	Birmingham, AL	Burger
Top250	2	Starbucks	NA	21380	8.6%	15049	3.0%	NA	Quick Service & Coffee Cafe
Top250	26	Texas Roadhouse	NA	3016	11.0%	553	3.8%	NA	Casual Dining & Steak
Top250	6	Subway	NA	10200	-2.0%	23801	-4.0%	NA	Quick Service & Sandwich
Top250	246	Rainforest Cafe	NA	129	-10.4%	18	-5.3%	NA	Varied Menu
Top250	35	Hardee's	NA	2020	-4.0%	1820	-1.4%	NA	Quick Service & Burger
Top250	12	Chipotle Mexican Grill	NA	5509	14.8%	2584	5.3%	NA	Fast Casual & Mexican
Top250	20	Little Caesars	The third-largest pizza chain's self-service, heated Pizza Portals have helped it stay competitive in the carryout-pizza sector. And in January, Little Caesars made its return to the delivery space, partnering with DoorDash to deliver pies for "at least $5 less" than its competitors.	3811	2.7%	4237	-0.6%	NA	Quick Service & Pizza
Top250	242	Biggby Coffee	NA	129	3.8%	240	0.8%	NA	Coffee Cafe
Top250	3	Chick-fil-A	While Popeyes got a lot of the chicken buzz in 2019, Chick-fil-A had a busy year in its own right. On top of passing Taco Bell and Subway to become the nation's third-largest chain, it introduced dine-in mobile ordering, eliminated antibiotics from its chicken and added its first new permanent menu item in three years: mac and cheese.	11320	13.0%	2470	5.0%	NA	Quick Service & Chicken
Top250	43	Carl's Jr.	NA	1423	-2.5%	1095	-2.3%	NA	Quick Service & Burger
Top250	64	Cheddar's Scratch Kitchen	NA	724	0.6%	175	2.9%	NA	Casual Dining & Varied Menu
Top250	176	Firebirds Wood Fired Grill	NA	192	7.4%	51	6.3%	NA	Varied Menu
Top250	89	Portillo's	NA	505	12.2%	62	8.8%	NA	Fast Casual & Sandwich
Top250	141	Pizza Ranch	NA	269	7.3%	212	2.9%	Orange City, IA	Pizza
Top250	130	Village Inn	NA	313	-7.9%	183	-9.0%	Denver, CO	Family Style
Top250	163	Sbarro	NA	218	-4.0%	300	-2.6%	NA	Pizza
Top250	58	Firehouse Subs	NA	832	4.8%	1155	1.9%	NA	Fast Casual & Sandwich
Top250	83	Perkins Restaurant & Bakery	After its parent company filed for Chapter 11 protection in August, the struggling family-dining chain was scooped up by Huddle House for $51.5 million. Its new owner said it had no plans to convert Perkins units into Huddle Houses or vice versa.	541	-9.5%	309	-13.0%	NA	Family Dining & Family Style
Top250	113	Blaze Pizza	NA	366	12.4%	313	5.7%	Pasadena, CA	Pizza
Top250	52	P.F. Chang's	NA	917	1.4%	221	0.0%	NA	Casual Dining & Asian
Top250	70	Marco's Pizza	NA	628	4.8%	915	3.6%	NA	Quick Service & Pizza
Top250	21	Dairy Queen	NA	3760	2.9%	4381	-0.6%	NA	Quick Service & Frozen Desserts
Top250	17	Panda Express	Panda Express has quietly established itself as a fast-casual stalwart, posting another year of double-digit sales growth (12%). "They continue to have just strong year after strong year, and there's never any competition in their segment," said Schimpf.	3946	12.0%	2209	4.9%	NA	Fast Casual & Asian/Noodle
Top250	112	Cold Stone Creamery	NA	369	-2.3%	895	-0.9%	Scottsdale, AZ	Frozen Desserts
Top250	120	Cooper's Hawk Winery & Restaurants	NA	338	19.9%	41	17.1%	Countryside, IL	Varied Menu
Top250	204	Smokey Bones Bar & Fire Grill	New CEO James O'Reilly, hired in May, plans to overhaul the barbecue chain's menu this year, disposing of items such as fish and chips and getting back to the basics with house-smoked barbecue, steaks and burgers. It will also focus more on the bar, with an emphasis on craft beer and cocktails.	168	-1.3%	61	-3.2%	NA	BBQ
Top250	132	Fleming's Prime Steakhouse & Wine Bar	NA	307	1.0%	68	-2.9%	Tampa, FL	Steak
Top250	14	KFC	NA	4546	2.5%	4065	-0.2%	NA	Quick Service & Chicken
Top250	74	Yard House	NA	609	6.6%	79	9.7%	NA	Casual Dining & Varied Menu
Top250	226	Topgolf	The eatertainment chain developed a new, smaller prototype that will allow it to go into small and midsize cities, greatly expanding its potential market. It was focused on places with between 100,000 and 500,000 residents. The first such location opened in Kirkland, Wash., in January.	144	14.6%	54	14.9%	NA	Varied Menu
Top250	7	Wendy's	NA	9762	4.2%	5852	0.7%	NA	Quick Service & Burger
Top250	248	Lupe Tortilla	NA	127	12.1%	25	8.7%	NA	Mexican
Top250	44	Wingstop	2019 marked Wingstop's 16th consecutive year of comps growth. In October, it said it planned to broaden its offerings to include whole wings to take advantage of lower commodity prices on whole chickens.	1363	19.0%	1231	9.5%	NA	Fast Casual & Chicken
Top250	161	Newk's Eatery	NA	227	0.4%	121	-0.8%	NA	Sandwich
Top250	34	Jimmy John's Gourmet Sandwiches	NA	2105	-1.6%	2787	-0.5%	NA	Fast Casual & Sandwich
Top250	140	Torchy's Tacos	NA	272	17.3%	72	14.3%	Austin, TX	Mexican
Top250	155	Mastro's Restaurants	NA	242	9.7%	18	5.9%	NA	Steak
Top250	24	Jack in the Box	NA	3504	1.1%	2243	0.3%	NA	Quick Service & Burger
Top250	240	WaBa Grill	NA	132	3.7%	191	0.0%	NA	Asian/Noodle
Top250	156	Uncle Julio's	NA	239	11.7%	36	2.9%	NA	Mexican
Top250	247	PDQ	NA	127	-5.5%	56	-11.1%	NA	Chicken
Top250	208	Great Harvest Bread Co.	NA	162	-1.9%	182	-0.5%	NA	Bakery Cafe
Top250	228	Pappasito's Cantina	NA	143	2.2%	25	0.0%	NA	Mexican
Top250	152	Pret A Manger	CEO Clive Schlee retired after 16 years at the helm of the natural foods chain, handing the reign to COO Pano Christou. The transition came in July as Pret prepared to take over U.K. vegetarian chain Eat.	252	4.7%	95	3.3%	NA	Bakery Cafe
Top250	173	J. Alexander's	NA	195	2.8%	34	3.0%	NA	Varied Menu
Top250	38	Culver's	One of the country's fastest-growing chains over the past five years continued that trajectory in 2019, increasing sales by 13.9% and unit count by 6.7%. Because more than half of its sales come from takeout, it was working to improve its drive-thru technology and add mobile ordering.	1795	13.9%	732	6.7%	NA	Quick Service & Burger
Top250	238	Yogurtland	NA	132	-2.6%	267	-2.2%	NA	Frozen Desserts
Top250	235	Mission BBQ	NA	136	25.0%	90	21.6%	NA	BBQ
Top250	177	Le Pain Quotidien	NA	192	1.2%	94	0.0%	NA	Bakery Cafe
Top250	30	Whataburger	NA	2556	5.8%	830	0.6%	NA	Quick Service & Burger
Top250	147	Smashburger	NA	265	-6.5%	312	-3.4%	Denver, CO	Burger
Top250	164	Romano's Macaroni Grill	NA	218	-4.6%	85	-3.4%	NA	Italian/Pizza
Top250	223	Tijuana Flats	NA	147	6.5%	139	2.2%	NA	Mexican
Top250	22	Buffalo Wild Wings	NA	3669	-0.1%	1206	-0.2%	NA	Casual Dining & Sports Bar
Top250	137	Sarku Japan	NA	281	2.4%	224	-0.4%	New York, NY	Asian/Noodle
Top250	46	Jersey Mike's Subs	NA	1340	16.7%	1667	11.6%	NA	Fast Casual & Sandwich
Top250	79	Dutch Bros. Coffee	NA	567	15.0%	369	13.2%	NA	Quick Service & Coffee Cafe
Top250	125	Jet's Pizza	NA	331	-1.8%	383	-1.0%	Sterling Heights, MI	Pizza
Top250	181	Hard Rock Cafe	NA	187	-5.2%	40	-4.8%	NA	Varied Menu
Top250	87	Einstein Bros. Bagels	NA	517	-2.1%	710	-2.6%	NA	Quick Service & Bakery Cafe
Top250	106	Cicis	NA	410	-1.4%	420	0.7%	Coppell, TX	Pizza
Top250	128	Fogo de Chao	NA	326	10.1%	43	13.2%	Plano, TX	Steak
Top250	217	Eat'n Park	NA	152	-6.5%	63	-7.4%	NA	Family Style
Top250	5	Burger King	NA	10204	2.7%	7346	0.2%	NA	Quick Service & Burger
Top250	93	MOD Pizza	NA	483	23.8%	467	18.2%	NA	Fast Casual & Pizza
Top250	116	Zoes Kitchen	NA	348	1.2%	256	-1.5%	Plano, TX	Sandwich
Top250	15	Olive Garden	Olive Garden became the nation's largest casual-dining chain, growing sales 5% in 2019. The Italian chain seems to have had success bucking the delivery trend, delivering only for large orders of at least $75. It has also been focused on training and staffing to improve the dine-in experience.	4287	5.0%	866	1.3%	NA	Casual Dining & Italian/Pizza
Top250	171	Cinnabon	NA	201	5.6%	956	3.5%	NA	Snack
Top250	148	Wienerschnitzel	NA	265	3.6%	330	1.5%	Irvine, CA	Sandwich
Top250	99	Potbelly sandwich Shop	Potbelly closed stores and halted company-owned unit growth last year and hired a consulting firm to help it return to profitability. In a bid to boost operational efficiency, it debuted a new prototype in Chicago that reverses the concept's normal ordering process.	446	-2.5%	471	-1.5%	NA	Quick Service & Sandwich
Top250	118	Krystal Co.	NA	343	-9.0%	318	-10.7%	Dunwoody, GA	Burger
Top250	169	Del Frisco's Double Eagle Steak House	NA	205	12.4%	16	0.0%	NA	Steak
Top250	206	LaRosa's Pizzeria	NA	164	3.7%	66	3.1%	NA	Italian/Pizza
Top250	117	Corner Bakery_Cafe	NA	348	-3.9%	175	-3.8%	Dallas, TX	Bakery Cafe
Top250	184	The Original Pancake House	NA	185	3.1%	141	0.0%	NA	Family Style
Top250	92	Logan's Roadhouse	NA	496	-3.7%	204	-1.0%	NA	Casual Dining & Steak
Top250	222	Bruegger's Bagels	NA	148	-4.5%	210	-2.8%	NA	Bakery Cafe
Top250	209	Shari's Cafe and Pies	NA	161	-2.4%	92	0.0%	NA	Family Style
Top250	49	TGI Fridays	NA	1085	-8.5%	385	-7.9%	NA	Casual Dining & Varied Menu
Top250	201	Metro Diner	NA	171	36.3%	69	3.0%	NA	Family Style
Top250	80	Captain D's Seafood Kitchen	NA	561	3.1%	540	2.1%	NA	Quick Service & Seafood
Top250	119	Benihana	NA	340	1.6%	71	0.0%	Doral, FL	Asian
Top250	100	Hungry Howie's Pizza	NA	439	7.0%	537	-2.4%	NA	Quick Service & Pizza
Top250	63	McAlister's Deli	NA	725	7.0%	460	3.6%	NA	Fast Casual & Sandwich
Top250	41	Red Robin Gourmet Burgers and Brews	A tumultuous year for the burger chain included the retirement of CEO Denny Marie Post, who had been with Red Robin since 2011, and continued attempts by activist investors to force a sale of the company. It named Paul Murphy as its new CEO in September.	1548	-0.3%	556	-3.0%	NA	Casual Dining & Varied Menu
Top250	57	Del Taco	NA	850	4.0%	596	2.8%	NA	Quick Service & Mexican
Top250	205	Joe's Crab Shack	NA	166	-7.4%	53	-7.0%	NA	Seafood
Top250	188	Bubba Gump Shrimp Co.	NA	181	-2.9%	27	0.0%	NA	Seafood
Top250	60	Moe's Southwest Grill	NA	749	2.0%	730	1.5%	NA	Fast Casual & Mexican
Top250	207	Roosters	NA	163	6.7%	42	2.4%	NA	Varied Menu
Top250	178	Sonny's BBQ	NA	191	-8.3%	94	-6.9%	NA	BBQ
Top250	18	Arby's	NA	3884	1.9%	3359	0.9%	NA	Quick Service & Sandwich
Top250	82	First Watch	NA	558	35.1%	368	24.7%	NA	Family Dining & Family Style
Top250	146	Morton's The Steakhouse	NA	266	-1.5%	63	-1.6%	Houston, TX	Steak
Top250	77	Tropical Smoothie Cafe	NA	576	21.8%	834	16.0%	NA	Quick Service & Beverage
Top250	94	Smoothie King	NA	462	11.2%	972	8.0%	NA	Quick Service & Beverage
Top250	111	Texas de Brazil Churrascaria	NA	370	10.5%	58	9.4%	Dallas, TX	Steak
Top250	154	Huddle House	NA	247	0.9%	342	-2.6%	NA	Family Style
Top250	245	Gyu-Kaku	NA	129	18.6%	52	8.3%	NA	Asian
Top250	97	Round Table Pizza	NA	450	1.3%	435	0.7%	NA	Quick Service & Pizza
Top250	196	La Madeleine Country French Cafe	NA	174	2.4%	87	0.0%	NA	Bakery Cafe
Top250	175	Which Wich	Under the guidance of new President Cherry Hearn, the chain updated its food and beverage menu, starting with the introduction of french fries in July. It also planned to add more chef-created sandwiches in addition to its extensive build-your-own options.	193	-4.2%	372	-3.9%	NA	Sandwich
Top250	86	Noodles & Company	The chain followed up on its successful 2018 introduction of zucchini noodles with a cauliflower-based noodle last year. It also saw growth via digital channels and catering, and said it was poised to resume franchise growth that had slowed in recent years as the chain stabilized.	533	0.9%	457	-0.4%	NA	Fast Casual & Asian/Noodle
Top250	182	Johnny Rockets	NA	186	-10.2%	155	-11.4%	NA	Varied Menu
Top250	37	LongHorn Steakhouse	NA	1867	6.3%	530	1.9%	NA	Casual Dining & Steak
Top250	62	Ruby Tuesday	NA	731	-11.4%	451	-8.1%	NA	Casual Dining & Varied Menu
Top250	170	Penn Station East Coast Subs	NA	201	0.8%	306	-1.3%	NA	Sandwich
Top250	23	Chili's Grill & Bar	NA	3563	2.2%	1242	-0.7%	NA	Casual Dining & Varied Menu
Top250	233	Nobu	NA	139	9.4%	17	13.3%	NA	Asian
Top250	103	O'Charley's	NA	426	-7.6%	196	-5.3%	Nashville, TN	Varied Menu
Top250	76	White Castle	NA	579	2.4%	371	-0.5%	NA	Quick Service & Burger
Top250	232	Great American Cookies	NA	142	2.7%	368	2.2%	NA	Snack
Top250	131	Taco Cabana	NA	311	-4.4%	172	1.2%	Addison, TX	Mexican
Top250	243	Costa Vida Fresh Mexican Grill	NA	129	5.2%	93	2.2%	NA	Mexican
Top250	142	Pappadeaux Seafood Kitchen	NA	269	3.1%	40	0.0%	Houston, TX	Seafood
Top250	126	Famous Dave's	NA	329	-8.0%	128	-11.1%	Minnetonka, MN	BBQ
Top250	102	Chuy's	NA	426	7.1%	100	0.0%	Austin, TX	Mexican
Future50	20	Maple Street Biscuit Co.	Orange Park, Fla.	39	28.9%	33	10.0%	1260	Yes
Future50	16	Rapid Fired Pizza	Kettering, Ohio	24	32.2%	35	29.6%	780	Yes
Future50	40	The Flying Biscuit Cafe	Atlanta, Ga.	29	19.5%	21	16.7%	1510	Yes
Future50	2	Clean Juice	Charlotte, N.C.	44	121.9%	105	94.4%	560	Yes
Future50	8	Melt Shop	New York, N.Y.	20	39.6%	19	35.7%	1260	Yes
Future50	5	Pokeworks	Irvine, Calif.	49	77.1%	50	56.3%	1210	Yes
Future50	25	By Chloe	New York, N.Y.	37	25.6%	14	7.7%	2800	No
Future50	9	Creamistry	Yorba Linda,  Calif.	24	36.8%	60	27.7%	465	Yes
Future50	27	Bibibop Asian Grill	Columbus, Ohio	44	24.6%	37	23.3%	1330	No
Future50	21	Bulla Gastrobar	Doral, Fla.	32	28.2%	8	14.3%	4300	No
Future50	31	The Lost Cajun	Frisco, Texas	20	23.0%	26	4.0%	785	Yes
Future50	22	Duck Donuts	Mechanicsburg, Pa.	44	28.0%	90	16.9%	530	Yes
Future50	36	Surcheros	Douglas, Ga.	22	21.3%	20	17.6%	1230	Yes
Future50	49	StoneFire Grill	Agoura Hills, Calif.	31	16.0%	13	8.3%	2550	No
Future50	41	Blue Sushi Sake Grill	Omaha, Neb.	49	19.5%	14	16.7%	3500	No
Future50	39	Condado Tacos	Columbus, Ohio	38	19.9%	15	15.4%	2755	No
Future50	44	Tacos 4 Life	Conway, Ark.	25	18.4%	16	6.7%	1620	Yes
Future50	7	The Simple Greek	Blue Bell, Pa.	24	52.5%	36	33.3%	775	Yes
Future50	12	Dog Haus	Pasadena, Calif.	39	34.5%	50	42.9%	1200	Yes
Future50	50	Gus's World Famous Fried Chicken	Memphis, Tenn.	44	14.4%	28	7.7%	1600	Yes
Future50	15	Original ChopShop	Plano, Texas	21	32.5%	12	20.0%	1930	No
Future50	3	Slapfish	Huntington Beach, Calif.	21	81.0%	21	90.9%	1370	Yes
Future50	48	Super Duper Burgers	San Francisco, Calif.	39	16.9%	16	14.3%	2630	No
Future50	19	Hawkers Asian Street Fare	Orlando, Fla.	22	30.0%	7	40.0%	3800	No
Future50	24	Joe & The Juice	New York, N.Y.	47	25.9%	69	25.5%	760	Yes
Future50	11	Eggs Up Grill	Spartanburg, S.C.	30	35.4%	41	36.7%	860	Yes
Future50	4	Clean Eatz	Wilmington, N.C.	25	79.7%	46	58.6%	685	Yes
Future50	45	Pita Mediterranean Street Food	Fairburn, Ga.	38	17.8%	32	10.3%	1260	Yes
Future50	13	Teriyaki Madness	Denver, Colo.	41	34.1%	63	65.8%	890	Yes
Future50	37	Famous Toastery	Charlotte, N.C.	40	21.2%	27	8.0%	1540	Yes
Future50	38	Culinary Dropout	Scottsdale, Ariz.	20	20.8%	7	16.7%	3120	No
Future50	23	The Little Beet	New York, N.Y.	23	26.5%	12	33.3%	2230	No
Future50	1	Evergreens	Seattle, Wash.	24	130.5%	26	116.7%	1150	No
Future50	30	The Pizza Press	Anaheim, Calif.	27	23.7%	27	22.7%	1130	Yes
Future50	43	Spitz Mediterranean Street Food	Los Angeles, Calif.	28	18.8%	11	10.0%	2700	No
Future50	26	Sugarfire Smokehouse	Olivette, Mo.	39	25.4%	15	15.4%	2820	No
Future50	33	Jeni's Splendid Ice Creams	Columbus, Ohio	42	22.4%	44	22.2%	1050	No
Future50	18	Vitality Bowls	San Ramon, Calif.	37	30.1%	77	24.2%	535	Yes
Future50	34	Boqueria	New York, N.Y.	27	22.0%	7	16.7%	4260	No
Future50	35	Quickway Japanese Hibachi	Fairfax, Va.	22	21.4%	25	19.0%	985	Yes
Future50	29	Dos Toros Taqueria	New York, N.Y.	28	24.0%	22	10.0%	1375	No
Future50	6	Playa Bowls	Belmar,  N.J.	39	62.9%	76	28.8%	580	Yes
Future50	42	The Human Bean	Medford, Ore.	47	19.0%	97	19.8%	535	Yes
Future50	32	Just Salad	New York, N.Y.	42	22.7%	38	26.7%	1240	No
Future50	46	LA Crawfish	McAllen, Texas	48	17.6%	25	13.6%	2050	Yes
Future50	17	Ike's Love & Sandwiches	San Francisco, Calif.	44	30.8%	71	29.1%	700	Yes
Future50	47	&pizza	Washington, D.C.	45	17.1%	35	9.4%	1350	No
Future50	28	Bubbakoo's Burritos	Wall Township, N.J.	28	24.3%	31	14.8%	970	Yes
Future50	10	Joella's Hot Chicken	Louisville, Ky.	29	35.5%	17	30.8%	1930	No
Future50	14	Bluestone Lane	New York, N.Y.	48	33.0%	48	37.1%	1175	No
Independence100	74	Timberline Steaks and Grille	14362103	37	Denver	Colo.	553378
Independence100	70	Hugo's Frog Bar & Fish House	14790123	80	Chicago	Ill.	190616
Independence100	27	Paddlefish	19829500	48	Orlando 	Fla.	417500
Independence100	38	Prime Steakhouse	18248030	173	Las Vegas	Nev.	113600
Independence100	46	Swift & Sons	17637400	119	Chicago	Ill.	195343
Independence100	59	The Rustic Inn	15700000	43	Ft. Lauderdale	Fla.	371000
Independence100	57	Portland City Grill	16111510	83	Portland	Ore.	268062
Independence100	86	Harry & Izzy's Circle Centre	12809921	66	Indianapolis	Ind.	174166
Independence100	28	Taste of Texas	19530159	55	Houston	Texas	375241
Independence100	52	Abe & Louie's	17063477	106	Boston	Mass.	160762
Independence100	40	Original Joe's Westlake	18159612	35	Daly City	Calif.	473492
Independence100	41	Shaw's Crab House	17965500	72	Chicago	Ill.	270000
Independence100	65	Carmine's (Las Vegas)	15067804	45	Las Vegas	Nev.	176221
Independence100	35	Le Diplomate	18490719	38	Washington	D.C.	363609
Independence100	49	Quality Italian	17519000	95	New York	N.Y.	177337
Independence100	26	Gibsons Bar & Steakhouse	19831818	81	Oak Brook	Ill.	276444
Independence100	2	The Boathouse Orlando	35218364	43	Orlando 	Fla.	820819
Independence100	18	Gibsons Italia	22749232	108	Chicago	Ill.	252962
Independence100	83	Siena Tavern	13100000	55	Chicago	Ill.	238182
Independence100	84	Girl & the Goat	12894700	82	Chicago	Ill.	183000
Independence100	93	Virgil's Real Barbecue	12245998	31	New York	N.Y.	251800
Independence100	79	Paradise Cove Beach Cafe	13654113	39	Malibu	Calif.	312050
Independence100	44	Chops Lobster Bar	17816450	106	Atlanta	Ga.	168000
Independence100	36	Gibsons Bar & Steakhouse	18483056	79	Rosemont	Ill.	252419
Independence100	48	Sparks Steak House	17519030	100	New York	N.Y.	198200
Independence100	75	Beauty & Essex (Las Vegas)	14130500	99	Las Vegas	Nev.	150000
Independence100	12	Prime 112	23800000	135	Miami Beach	Fla.	206000
Independence100	4	LAVO Italian Restaurant & Nightclub	26916180	90	New York	N.Y.	198500
Independence100	17	Joe's Seafood, Prime Steak & Stone Crab	22859400	81	Las Vegas	Nev.	286000
Independence100	54	Beauty & Essex (New York City)	16364050	90	New York	N.Y.	187970
Independence100	72	Castaway Burbank	14407413	60	Burbank	Calif.	180320
Independence100	62	The Lobster House	15450000	43	Cape May	N.J.	320000
Independence100	30	Bob Chinn's Crab House	18687601	48	Wheeling	Ill.	625907
Independence100	89	Southern Steak & Oyster	12566618	39	Nashville	Tenn.	337920
Independence100	99	Upland	11965564	52	New York	N.Y.	171825
Independence100	34	Bottega Louie	18521000	36	Los Angeles	Calif.	322562
Independence100	66	Swan	1.5e+07	78	Miami	Fla.	225000
Independence100	21	Bazaar Meat by Jose Andres	22181607	119	Las Vegas	Nev.	190000
Independence100	33	Shooters Waterfront	18601433	57	Ft. Lauderdale	Fla.	409752
Independence100	98	Mi Vida	12032014	38	Washington	D.C.	226226
Independence100	42	Founding Farmers (Washington, D.C.)	17910045	33	Washington	D.C.	648096
Independence100	77	Junior's (Brooklyn)	13908292	23	New York	N.Y.	359000
Independence100	45	Chicago Cut Steakhouse	17743720	95	Chicago	Ill.	211000
Independence100	31	Quality Meats	18678000	115	New York	N.Y.	165148
Independence100	8	Maple & Ash	24837595	99	Chicago	Ill.	210832
Independence100	100	Virgil's Real Barbecue	11391678	27	Las Vegas	Nev.	208276
Independence100	91	Park Avenue Summer (Autumn, Winter, Spring)	12498000	84	New York	N.Y.	164531
Independence100	88	Farmers Fishers Bakers	12572109	37	Washington	D.C.	371025
Independence100	1	Carmine's (Times Square)	39080335	40	New York	N.Y.	469803
Independence100	78	Quartino Ristorante & Wine Bar	13854856	32	Chicago	Ill.	394582
Independence100	58	Zehnder's of Frankenmuth	16063684	17	Frankenmuth	Mich.	959026
Independence100	85	Tavern on Rush	12884000	72	Chicago	Ill.	178944
Independence100	92	Farmers & Distillers	12278839	36	Washington	D.C.	375309
Independence100	76	Carmine's (Atlantic City)	13987843	39	Atlantic City	N.J.	129630
Independence100	96	George's at the Cove	12194000	80	La Jolla	Calif.	250000
Independence100	22	SW Steakhouse	21523650	149	Las Vegas	Nev.	145700
Independence100	15	The Hamilton	23138062	33	Washington	D.C.	700861
Independence100	73	Matt's El Rancho	14381904	29	Austin	Texas	495927
Independence100	19	Komodo	22500000	98	Miami	Fla.	265000
Independence100	82	Founding Farmers (McLean, Va.)	13102742	38	McLean	Va.	390104
Independence100	80	BOA Steakhouse 	13552485	110	West Hollywood	Calif.	123204
Independence100	23	St. Elmo Steak House	21422141	99	Indianapolis	Ind.	192774
Independence100	97	Le Coucou	12187523	95	New York	N.Y.	87070
Independence100	3	Old Ebbitt Grill	29104017	33	Washington	D.C.	892830
Independence100	29	Parc	19379153	35	Philadelphia	Pa.	486219
Independence100	10	Smith & Wollensky	24501000	107	New York	N.Y.	257364
Independence100	87	Scoma's	12713394	65	San Francisco	Calif.	292000
Independence100	94	Carmine's (Washington, D.C.)	12228168	39	Washington	D.C.	148135
Independence100	16	Joe's Seafood, Prime Steak & Stone Crab	22981600	91	Chicago	Ill.	252500
Independence100	55	Grand Central Oyster Bar	16304883	62	New York	N.Y.	296000
Independence100	71	Cliff House	14465847	40	San Francisco	Calif.	199901
Independence100	14	Junior's (Times Square)	23640652	23	New York	N.Y.	914500
Independence100	95	Franciscan Crab Restaurant	12218147	59	San Francisco	Calif.	240000
Independence100	90	Big Texan Steak Ranch	12505200	24	Amarillo	Texas	478000
Independence100	24	RPM Steak	20853300	102	Chicago	Ill.	202900
Independence100	5	Bryant Park Grill & Cafe	26900000	62	New York	N.Y.	403000
Independence100	32	Del Posto	18625033	194	New York	N.Y.	95000
Independence100	68	Atlanta Fish Market	14972300	57	Atlanta	Ga.	274000
Independence100	61	Keens Steakhouse	15629700	97	New York	N.Y.	168301
Independence100	67	15th Street Fisheries	14978103	69	Fort Lauderdale	Fla. 	356000
Independence100	64	Prime & Provisions	15100000	130	Chicago	Ill.	116154
Independence100	81	Original Joe's	13177468	45	San Francisco	Calif.	267533
Independence100	25	Mon Ami Gabi	20120210	76	Las Vegas	Nev.	319200
Independence100	53	Rusty Pelican	16981741	98	Miami	Fla.	182000
Independence100	56	Delmonico Steakhouse	16154000	103	Las Vegas	Nev.	133000
Independence100	9	Balthazar	24547800	87	New York	N.Y.	519000
Independence100	69	Acme Feed & Seed	14897125	22	Nashville	Tenn.	527130
Independence100	13	Joe's Seafood, Prime Steak & Stone Crab	23660000	86	Washington	D.C.	277850
Independence100	20	Buddakan	22395577	67	New York	N.Y.	221059
Independence100	11	Angus Barn	24268160	75	Raleigh	N.C.	315000
Independence100	47	Harris Ranch Inn & Restaurant	17599468	29	Coalinga	Calif.	611928
Independence100	43	Junior's (49th Street)	17834390	22	New York	N.Y.	798000
Independence100	51	Tavern on the Green	17212800	76	New York	N.Y.	250000
Independence100	37	Lavo Italian Restaurant & Lounge	18386262	97	Las Vegas	Nev.	115500
Independence100	63	China Live	15106280	54	San Francisco	Calif.	3e+05
Independence100	60	Harry Caray's Italian Steakhouse	15680000	59	Chicago	Ill.	287900
Independence100	39	Makoto	18216906	54	Bal Harbour	Fla.	256830
Independence100	50	Frankenmuth Bavarian Inn	17388751	19	Frankenmuth	Mich.	899284
Independence100	6	Gibsons Bar & Steakhouse	25409952	80	Chicago	Ill.	348567
Independence100	7	Top of the World at the STRAT 	25233543	103	Las Vegas	Nev.	246054
